{
  "name": "surveyprojectv1",
  "version": "0.0.0",
  "scripts": {
    "ng": "ng",
    "start": "ng serve",
    "build": "ng build",
    "test": "ng test",
    "lint": "ng lint",
    "e2e": "ng e2e"
  },
  "private": true,
  "dependencies": {
    "@angular/animations": "^10.0.14",
<<<<<<< Updated upstream
    "@angular/cdk": "^12.0.1",
=======
    "@angular/cdk": "^11.2.9",
>>>>>>> Stashed changes
    "@angular/common": "~10.0.6",
    "@angular/compiler": "~10.0.6",
    "@angular/core": "~10.0.6",
    "@angular/forms": "~10.0.6",
<<<<<<< Updated upstream
    "@angular/material": "^12.0.1",
=======
    "@angular/material": "^11.2.9",
>>>>>>> Stashed changes
    "@angular/platform-browser": "~10.0.6",
    "@angular/platform-browser-dynamic": "~10.0.6",
    "@angular/router": "~10.0.6",
    "bootstrap": "4.1.1",
    "google-libphonenumber": "^3.2.21",
    "intl-tel-input": "^17.0.3",
    "ngx-bootstrap": "^6.2.0",
    "ngx-intl-tel-input": "^3.1.1",
    "ngx-toastr": "^13.1.0",
    "rxjs": "~6.5.5",
    "tslib": "^2.0.0",
    "zone.js": "~0.10.3"
  },
  "devDependencies": {
    "@angular-devkit/build-angular": "^0.1000.8",
    "@angular/cli": "~10.0.5",
    "@angular/compiler-cli": "~10.0.6",
    "@types/jasmine": "~3.5.0",
    "@types/jasminewd2": "~2.0.3",
    "@types/node": "^12.11.1",
    "codelyzer": "^6.0.0",
    "jasmine-core": "~3.5.0",
    "jasmine-spec-reporter": "~5.0.0",
    "karma": "~5.0.0",
    "karma-chrome-launcher": "~3.1.0",
    "karma-coverage-istanbul-reporter": "~3.0.2",
    "karma-jasmine": "~3.3.0",
    "karma-jasmine-html-reporter": "^1.5.0",
    "protractor": "~7.0.0",
    "ts-node": "~8.3.0",
    "tslint": "~6.1.0",
    "typescript": "~3.9.5"
  }
}
